Name (or description if no name available)	Task	Mapped task	Associated clinical tasks	Accessibility	Clinical relevance	Primary target group of task	Link: Source publication(s)	Language
Heart Disease Data Set	Classification of Coronary Artery Disease	Image classification		Public			http://arxiv.org/abs/1812.02828v1	English
"Clinical data set": contains three corpora: proton beam, micro nutrients, and copd	Classifying documents as relevant or irrelevant for a systematic review based on prior classifications	Text Classification		On request	Not relevant		https://pubmed.ncbi.nlm.nih.gov/24954015	English
Arizona Disease Corpus (AZDC)	Information extraction	Information Extraction	Improving clinical/biomedical NLP	Public	Indirectly		https://pubmed.ncbi.nlm.nih.gov/25817970	English
20 disease articles of twitter data	Not applicable			Unknown			https://arxiv.org/abs/1711.04305	English
2011 MetaMapped Medline Baseline	Not applicable			Unknown			https://pubmed.ncbi.nlm.nih.gov/22195220	English
3DNotes	Biomedical Entity Linking	Entity Linking	Improving clinical/biomedical NLP	Unknown	Indirectly		https://arxiv.org/pdf/1911.09787v2.pdf	English
A clinical trials corpus	Concept recognition			Unknown			https://bmcmedinformdecismak.biomedcentral.com/articles/10.1186/s12911-021-01395-z	English
A data-set from Zhejiang Huzhou Central Hospital of China	Not applicable			Unknown			http://arxiv.org/abs/1711.04305v2	English
A PubMed corpus of Medline abstracts	Concept recognition			Unknown			https://pubmed.ncbi.nlm.nih.gov/25607983	English
ACL Anthology dataset	Not applicable			Public			http://arxiv.org/abs/1910.07351v1	English
ACM Biomedia 2019	Detecting and classifying abnormalities of the gastrointestinal tract	Image classification		Public			http://arxiv.org/abs/2010.10563v1	English
Acronym resource composed of 51 clinical specialties with 3,603 acronyms in total	Not applicable			Unknown			https://pubmed.ncbi.nlm.nih.gov/32570393	English
ACTdb: Dataset containing 1102 Discharge Summaries and 1000 Nursing Progress Notes based on MIMIC-III	Phenotyping based on clinical notes	Text Classification	Gather medical information from patient histories	Unknown	Indirectly		https://arxiv.org/pdf/2003.03044	English
ADReCS database	Adverse drug reaction prediction			Public			http://arxiv.org/abs/1711.04305v2	English
AI2 Biology How/Why Corpus	Question-answering	Question Answering	Review professional literature to maintain professional knowledge	Public	Indirectly		https://allenai.org/data	English
Algorithmically annotated dataset based on 12,808 trial PDFs using data from the Cochrane Database of Systematic Reviews (CDSR)	Assessing bias in clinical trials			Unknown			https://pubmed.ncbi.nlm.nih.gov/26104742	English
AMIA de-identification challenge dataset	De-identification of clinical notes	De-identification	Conduct research to increase knowledge about medical issues	Unknown	Indirectly		https://www.ncbi.nlm.nih.gov/pmc/articles/PMC1975792/	English
BioASQ Task 5c: Funding Information Extraction From Biomedical Literature	Information extraction	Information Extraction		On request	Not relevant		http://www.bioasq.org/	English
and an open access collection of 1.7 million full text journal articles obtained from PubMed Central	Not applicable			Unknown			https://www.ncbi.nlm.nih.gov/pmc/articles/PMC6922053/	English
Annotated corpus for semantic similarity of clinical trial outcomes	Semantic similarity estimation	Semantic Similarity Estimation	Improving clinical/biomedical NLP	Public	Indirectly		https://www.sciencedirect.com/science/article/pii/S2590177X19300575	English
Annotated dataset of 1000 clinical questions	Annotating logical forms and answers for clinical questions	Text annotation		Unknown			https://pubmed.ncbi.nlm.nih.gov/32308918	English
BioCreative V Track 4- Extraction of causal network information in Biological Expression Language (BEL)	Extracting biological expression language from text	Information Extraction	Improving clinical/biomedical NLP	On request	Indirectly		https://pubmed.ncbi.nlm.nih.gov/27173520	English
ASCD: Amiodarone versus other pharmacological interventions for prevention of sudden cardiac death	Active learning in systematic reviews	Information Retrieval		Unknown	Not relevant		http://arxiv.org/abs/1801.09496v1	English
CDS’2016	Finding relevant literature	Information Retrieval	Review professional literature to maintain professional knowledge	Public	Directly	Clinicians	http://arxiv.org/abs/1801.09322v1	English
BioNLP-ST 2009	Biomedical event extraction	Information Extraction		Public	Not relevant		http://www.bionlp-st.org/	English
BioNLP-ST 2011 BB	Event extraction	Information Extraction	Improving clinical/biomedical NLP	Public	Indirectly		http://www.bionlp-st.org/	English
BioNLP-ST 2011 BI	Information extraction	Information Extraction		Public	Not relevant		http://www.bionlp-st.org/	English
BioNLP-ST 2011 EPI	Event extraction	Information Extraction	Improving clinical/biomedical NLP	Public	Indirectly		http://www.bionlp-st.org/	English
Bio-SimLex	Semantic similarity estimation	Semantic Similarity Estimation		Public	Not relevant		http://arxiv.org/abs/2005.05114v1	English
Bio-SimVerb	Semantic similarity estimation	Semantic Similarity Estimation		Public	Not relevant		http://arxiv.org/abs/2005.05114v1	English
BioASQ Task 1a: Large-Scale Online Biomedical Semantic Indexing	Biomedical Semantic Indexing	Text Classification		On request	Not relevant		http://www.bioasq.org/	English
Dataset based on 56 real life diagnostic cases	Search engine for rare diseases	Information Retrieval	Review professional literature to maintain professional knowledge	Public	Directly	Clinicians	http://dx.doi.org/10.1016/j.ijmedinf.2013.01.005	English
BioASQ Task 2a: Large-Scale Online Biomedical Semantic Indexing	Biomedical Semantic Indexing	Text Classification		On request	Not relevant		http://www.bioasq.org/	English
41 066 real-world radiology reports from MedStar Georgetown University Hospital	Clinical Abstractive Summarization	Text Summarization	Prepare reports summarizing patient diagnostic or care activities	Unknown	Indirectly		https://arxiv.org/pdf/1905.05818	English
BioASQ Task 3a: Large-Scale Online Biomedical Semantic Indexing	Biomedical Semantic Indexing	Text Classification		On request	Not relevant		http://www.bioasq.org/	English
BioNLP-ST 2019 RDoc task	Information Retrieval and Extraction	Information Extraction; Information Retrieval	Improving clinical/biomedical NLP	Public	Indirectly		http://www.bionlp-st.org/	English
BioASQ Task 4a: Large-Scale Online Biomedical Semantic Indexing	Biomedical Semantic Indexing	Text Classification		On request	Not relevant		http://www.bioasq.org/	English
CliCRT: English clinical case reports reading comprehension dataset consisting of around 100000 queries and their associated documents.	Reading comprehension	Inference and reasoning	Gather medical information from patient histories	On request	Indirectly		https://arxiv.org/pdf/1803.09720.pdf	English
BioASQ Task 5a: Large-Scale Online Biomedical Semantic Indexing	Biomedical Semantic Indexing	Text Classification		On request	Not relevant		http://www.bioasq.org/	English
Dataset based on Chinese pathology reports	Question Answering based Clinical Text Structuring	Information Retrieval	Analyze test data or images to inform diagnosis or treatment	Unknown	Indirectly		http://arxiv.org/abs/1908.06606v2	Chinese
BioNLP-ST 2011 GE	Event extraction	Information Extraction	Improving clinical/biomedical NLP	Public	Indirectly		http://www.bionlp-st.org/	English
BioASQ Task 6a: Large-scale online biomedical semantic indexing	Biomedical Semantic Indexing	Text Classification		On request	Not relevant		http://www.bioasq.org/	English
BioASQ Task 6b: Biomedical Semantic QA (involves IR, QA, summarization)	Biomedical Semantic QA	Question answering	Review professional literature to maintain professional knowledge	On request	Indirectly		http://www.bioasq.org/	English
BioASQ Task 7a: Large-Scale Online Biomedical Semantic Indexing	Biomedical Semantic Indexing	Text Classification		On request	Not relevant		http://www.bioasq.org/	English
Dataset based on MIMIC-III (labeled with ICD-9 diagnosis and procedure codes)	Medical code assignment	Medical code prediction	Process medical billing information	On request	Indirectly		https://arxiv.org/pdf/2009.14578v1.pdf	English
MIMICSQL	Text-to-SQL Generation for Question Answering on Electronic Medical Records	Code Generation	Gather medical information from patient histories	Unknown	Indirectly		http://www.bioasq.org/	English
BioASQ Task 8a: Large-Scale Online Biomedical Semantic Indexing	Biomedical Semantic Indexing	Text Classification		On request	Not relevant		http://www.bioasq.org/	English
PathVQA	Medical visual question answering	Visual question answering	Process x-rays or other medical images; Analyze test data or images to inform diagnosis or treatment	Public	Indirectly	Pathologists	http://arxiv.org/abs/2003.10286v1	English
BioASQ Task 9a: Large-Scale Online Biomedical Semantic Indexing	Biomedical Semantic Indexing	Text Classification		On request	Not relevant		http://www.bioasq.org/	English
VQA-RAD	Medical visual question answering	Visual question answering	Process x-rays or other medical images; Analyze test data or images to inform diagnosis or treatment	Public	Indirectly	Radiologists	http://arxiv.org/abs/1708.06828v1	English
BioASQ Task MESINESP8: Medical Semantic Indexing In Spanish	Biomedical Semantic Indexing	Text Classification	Improving clinical/biomedical NLP	On request	Indirectly		http://www.bioasq.org/	English
BioASQ Task MESINESP9: Medical Semantic Indexing In Spanish	Medical Semantic Indexing	Text Classification	Improving clinical/biomedical NLP	On request	Indirectly		http://www.bioasq.org/	Spanish
BioASQ Task 1b: Introductory Biomedical Semantic QA	Biomedical Semantic QA	Question answering	Review professional literature to maintain professional knowledge	On request	Indirectly		http://www.bioasq.org/	English
BioNLP-ST 2011 ID	Event extraction	Information Extraction	Improving clinical/biomedical NLP	Public	Indirectly		http://www.bionlp-st.org/	English
BioNLP-ST 2011 REN	Information extraction	Information Extraction		Public	Not relevant		http://www.bionlp-st.org/	English
BioNLP-ST 2013 BB	Biomedical event extraction	Information Extraction		Public	Not relevant		http://www.bionlp-st.org/	English
BioNLP-ST 2013 CG	Biomedical event extraction	Information Extraction		Public	Not relevant		http://www.bionlp-st.org/	English
BioNLP-ST 2013 GE	Biomedical event extraction	Information Extraction		Public	Not relevant		http://www.bionlp-st.org/	English
BioNLP-ST 2013 GRN	Biomedical event extraction	Information Extraction		Public	Not relevant		http://www.bionlp-st.org/	English
BioNLP-ST 2013 GRO	Biomedical event extraction	Information Extraction		Public	Not relevant		http://www.bionlp-st.org/	English
BioNLP-ST 2013 PC	Biomedical event extraction	Information Extraction		Public	Not relevant		http://www.bionlp-st.org/	English
BioNLP-ST 2011 CO	Co-reference resolution	Coreference Resolution		Public	Not relevant		http://www.bionlp-st.org/	English
BioNLP-ST 2016 BB3	Biomedical event extraction	Information Extraction		Public	Not relevant		http://www.bionlp-st.org/	English
BioNLP-ST 2016 GE4	Biomedical event extraction	Information Extraction		Public	Not relevant		http://www.bionlp-st.org/	English
BioNLP-ST 2019 Bacteria-Biotope task	Information extraction	Information Extraction		Public	Not relevant		http://www.bionlp-st.org/	English
BluLab corpus	Concept extraction from clinical notes	Information Extraction	Improving clinical/biomedical NLP	Not available	Indirectly		https://pubmed.ncbi.nlm.nih.gov/26958209	English
BTRIS-Mobility	Mobility information extraction	Information Extraction	Evaluate patient functioning, capabilities, or health	On request	Indirectly		http://arxiv.org/abs/1806.02814v1	English
Cardiology dataset manually annotated with medical concepts.	Concept extraction from clinical notes	Information Extraction	Improving clinical/biomedical NLP	Unknown	Indirectly		https://pubmed.ncbi.nlm.nih.gov/26958209	English
Corpus of 800 radiology reports double annotated for recommendation sentences	Identifying clinically important recommendation sentences in radiology reports	Information Extraction	Prepare reports summarizing patient diagnostic or care activities	Unknown	Indirectly		https://pubmed.ncbi.nlm.nih.gov/23354284	English
CSIRO Adverse Drug Event Corpus (Cadec)	Information extraction	Information Extraction	Improving clinical/biomedical NLP	Public	Indirectly		https://pubmed.ncbi.nlm.nih.gov/25817970	English
Dataset based on corpus containing around 1000 sentences and 47,186 tokens annotated with 16 medical named entity types and 16 types of semantic relations linking those entities with over 1	Information extraction	Information Extraction	Improving clinical/biomedical NLP	Unknown	Indirectly		https://arxiv.org/pdf/1904.10743	English
Dataset based on 1,609 concepts derived from 50 clinical notes from two different institutions	Automated phenotype extraction from clinical texts	Information Extraction	Improving clinical/biomedical NLP	On request	Indirectly		https://pubmed.ncbi.nlm.nih.gov/31655273	English
Dataset based on 13,855 full-text articles from the Journal of Oncology (JCO)	Extraction of side effects associated with targeted anticancer drugs from full-text oncological articles	Information Extraction	Review professional literature to maintain professional knowledge	Public	Indirectly		https://pubmed.ncbi.nlm.nih.gov/25817969	English
Dataset based on 150 clinical documents representing 847 physician’s clinical notes and 3165 concepts collected from 8 various healthcare facilities underlying 5 major medical specialists	Clinical information extraction from physician's free-text notes	Information Extraction	Gather medical information from patient histories	Not available	Indirectly		https://pubmed.ncbi.nlm.nih.gov/	English
Dataset based on 150 free-text eligibility criteria	Extracting temporal constraints from clinical research eligibility criteria	Information Extraction	Conduct research to increase knowledge about medical issues	Unknown	Indirectly		https://pubmed.ncbi.nlm.nih.gov/22195142	English
Dataset based on 150 radiology reports from three major healthcare organizations	Information extraction from radiology reports	Information Extraction	Improving clinical/biomedical NLP	Unknown	Indirectly		https://pubmed.ncbi.nlm.nih.gov/26481140	English
Dataset based on 2024 cancer trials from clinicaltrials.gov	Extracting genetic alteration information	Information Extraction	Improving clinical/biomedical NLP	Unknown	Indirectly		https://pubmed.ncbi.nlm.nih.gov/27013523	English
Dataset based on 300 randomly chosen journal titles	Extracting phenotypic information automatically from the literature	Information Extraction	Improving clinical/biomedical NLP	Unknown	Indirectly		https://pubmed.ncbi.nlm.nih.gov/15360914	English
BioNLP-ST 2019 CRAFT-CR	Coreference resolution	Coreference Resolution		Public	Not relevant		http://www.bionlp-st.org/	English
Dataset based on 758 patient-visit notes (from visits between 03/28/2016 and 04/04/2016) from our local EHR in addition to a public dataset of 502 clinical notes from the 2006 i2b2 Challenge	Extracting multiple smoking behaviors from clinical notes	Information Extraction	Gather medical information from patient histories	On request	Indirectly		https://pubmed.ncbi.nlm.nih.gov/31340796	English
Dataset based on administrative and clinical data from the Department of Veterans Affairs	Extraction of key heart function measurements	Information Extraction	Gather medical information from patient histories	Not available	Indirectly		https://pubmed.ncbi.nlm.nih.gov/28606104	English
BioASQ Task 2b: Biomedical Semantic QA (Involves IR, QA, Summarization)	Biomedical Semantic QA	Question answering	Review professional literature to maintain professional knowledge	On request	Indirectly		http://www.bioasq.org/	English
BioASQ Task 3b: Biomedical Semantic QA (Involves IR, QA, Summarization)	Biomedical Semantic QA	Question answering	Review professional literature to maintain professional knowledge	On request	Indirectly		http://www.bioasq.org/	English
Dataset based on admission summaries from the Stanford University Hospital	Extracting physical examination findings from dictated admission summaries	Information Extraction	Evaluate patient functioning, capabilities, or health; Gather medical information from patient histories	Not available	Indirectly		https://pubmed.ncbi.nlm.nih.gov/1807726	English
Dataset based on annotated clinical note sentences and synthesized user queries	Clinical concept extraction	Information Extraction	Improving clinical/biomedical NLP	Unknown	Indirectly		http://www.bioasq.org/	English
BIOSSES	Semantic similarity estimation	Semantic Similarity Estimation		Public	Not relevant		http://arxiv.org/abs/1906.05474v2	English
Dataset based on cancer-related clinical notes from the UT Physicians data warehouse	Extracting cancer-related information from clinical narratives	Information Extraction	Improving clinical/biomedical NLP	Unknown	Indirectly		https://pubmed.ncbi.nlm.nih.gov/30815198	English
BTK network from Clarivate Analytics MetaBase	Relationship extraction			Unknown			https://pubmed.ncbi.nlm.nih.gov/30958864	English
Dataset based on ClinicalTrials.gov	Information extraction from clinical trials	Information Extraction	Improving clinical/biomedical NLP	Unknown	Indirectly		http://arxiv.org/abs/1904.03262v1	English
cancer-HIV dataset based on clinicaltrials.gov	Classification of eligibility criteria in clinical trials	Text Classification		Unknown			https://pubmed.ncbi.nlm.nih.gov/28339690	English
Dataset based on cohort of patients undergoing gastrointestinal surgery from MIMIC-III Critical Care Database that was further annotated	Detecting Evidence of Intra-abdominal Surgical Site Infections from Radiology Reports	Information Extraction	Evaluate patient functioning, capabilities, or health; Gather medical information from patient histories	Unknown	Indirectly		https://pubmed.ncbi.nlm.nih.gov/29854116	English
Dataset based on electronic records from a large mental healthcare provider serving a geographic catchment of 1.2 million residents in four boroughs of south London, UK.	Extracting symptoms of severe mental illness from clinical text	Information Extraction	Gather medical information from patient histories	Not available	Indirectly		https://pubmed.ncbi.nlm.nih.gov/28096249	English
BioASQ Task 4b: Biomedical Semantic QA (Involves IR, QA, Summarization)	Biomedical Semantic QA	Question answering	Improving clinical/biomedical NLP	On request	Indirectly		http://www.bioasq.org/	English
Chem2Bio2Rdf	Not applicable			Public			http://arxiv.org/abs/1711.04305v2	English
Chemical exposure assessments dataset	Exposure assessment, Information retrieval of chemical exposure data	Text Classification; Information Retrieval		Public	Not relevant		http://dx.doi.org/10.1093/jamia/ocz085	English
Dataset based on institutional EHR	Identifying cataract cases from EHRs	Information Extraction	Conduct research to increase knowledge about medical issues	Unknown	Indirectly		https://pubmed.ncbi.nlm.nih.gov/22319176	English
ChestX-ray14	Not described	Not described		Public			http://arxiv.org/abs/2010.10563v1	English
BioASQ Task 5b: Biomedical Semantic QA (Involves IR, QA, Summarization)	Biomedical Semantic QA	Question answering	Improving clinical/biomedical NLP	On request	Indirectly		http://www.bioasq.org/	English
CheXpert	Analysis of chest radiographs	Image classification		On request			http://arxiv.org/abs/2004.09167v3	English
Chinese EMR text dataset	Generation of Synthetic Electronic Medical Record Text	Text Generation		Unknown			https://arxiv.org/pdf/1812.02793v1.pdf	Chinese
CLEF eHealth 2015: Quaero (titles from French MEDLINE abstracts and EMEA drug labels)	Semantic annotation of French biomedical text and clinical notes	Text annotation		Public	Not relevant		https://pubmed.ncbi.nlm.nih.gov/30400805	French
BioASQ Task 7b: Biomedical Semantic QA (Involves IR, QA, Summarization)	Biomedical Semantic QA	Question answering	Improving clinical/biomedical NLP	On request	Indirectly		http://www.bioasq.org/	English
Clinical documents not further specified	Not applicable			Unknown			http://dx.doi.org/10.5281/zenodo.1474513	English
Dataset based on institutional EHR data	Extracting drug-dose information from clinical text	Information Extraction	Gather medical information from patient histories	Unknown	Indirectly		https://pubmed.ncbi.nlm.nih.gov/21672908	English
Dataset based on institutional legacy electronic medical record system (University of Texas)	Identifying and abstracting melanoma primary prognostic factors from pathology records	Information Extraction	Improving clinical/biomedical NLP	Unknown	Indirectly		https://pubmed.ncbi.nlm.nih.gov/31442076	English
BioASQ Task 8a	Semantic Indexing	Text Classification	Improving clinical/biomedical NLP	On request	Indirectly		http://arxiv.org/abs/2010.03544v1	English
Combined dataset based on merged fourteen different sources including 5 clinically-oriented information sources, 4 Natural Language Processing (NLP) Corpora, and 5 Bioinformatics/Pharmacovigilance information sources: DrugBank, KEGG, and the NDF-RT	Not applicable			Public			https://pubmed.ncbi.nlm.nih.gov/25917055	English
Dataset based on institutional Spanish clinical narratives	Extracting patient smoking status information from clinical narrative texts in Spanish	Information Extraction	Gather medical information from patient histories	Unknown	Indirectly		https://pubmed.ncbi.nlm.nih.gov/25570550	Spanish
CORD-19 dataset				Public			http://arxiv.org/abs/2004.01862v1	English
CORD19STS	Semantic textual similarity estimation	Semantic Similarity Estimation	Improving clinical/biomedical NLP	Public	Indirectly		http://arxiv.org/abs/2007.02461v2	English
Dataset based on Kaiser Permanente Northwest (KPNW) EHR data	Detecting possible vaccination reactions in clinical notes	Information Extraction	Diagnose medical conditions; Gather medical information from patient histories	Unknown	Indirectly		https://pubmed.ncbi.nlm.nih.gov/16779051	English
Corpus of clinical notes (CLINICAL) from the Fairview Health System	Similarity and relatedness estimation of clinical terms, Clinical query expansion, Word sense disambiguation			Unknown			https://pubmed.ncbi.nlm.nih.gov/27531100	English
Corpus of clinical notes manually annotated for part-of-speech	Part-of-speech tagging of clinical notes	Part-Of-Speech Tagging	Improving clinical/biomedical NLP	Unknown	Indirectly		https://pubmed.ncbi.nlm.nih.gov/16169769	English
Dataset based on medical notes obtained from medical records from the University of Massachusetts Memorial Health Care.	Detecting Opioid-Related Aberrant Behavior	Information Extraction	Diagnose neural or psychological disorders; Gather medical information from patient histories	Unknown	Indirectly		https://pubmed.ncbi.nlm.nih.gov/29854186	English
Dataset based on randomly selected PubMed abstracts	Automatic extraction of information on chemical-CYP3A4 interactions from the literature.	Information Extraction		Public	Not relevant		https://pubmed.ncbi.nlm.nih.gov/24010770	English
Database for Preeclampsia (dbPEC)	Data mining for database generation			Public			https://pubmed.ncbi.nlm.nih.gov/26946289	English
Dataset base on Spanish Clinical Narratives	Lung Cancer Concept Annotation			Unknown			https://arxiv.org/ftp/arxiv/papers/1809/1809.06639.pdf	Spanish
Dataset based on 1.2 million images from 500.000 articles of PubMed Central	Image retrieval			Unknown			https://arxiv.org/pdf/1701.05596v1.pdf	English
Dataset based on Cerner Health Facts®	Disease prediction	Disease prediction		Unknown			https://arxiv.org/ftp/arxiv/papers/2005/2005.12833.pdf	English
Dataset based on six types of clinical reports stored in our Electronic Medical Record: Radiology, Emergency Department, Surgical Pathology, Echocardiogram, Operative Procedures including GI endoscopy and colonoscopy, and Discharge Summaries	Determining negation, experiencer, and temporal status from clinical reports	Information Extraction	Improving clinical/biomedical NLP	Unknown	Indirectly		https://pubmed.ncbi.nlm.nih.gov/19435614	English
Dataset based on Massachusetts General Hospital (MGH) pathology reports	Classifying lymphoma from pathology reports	Text Classification	Diagnose medical conditions; Analyze patient data to determine patient needs or treatment goals	Unknown	Indirectly		https://pubmed.ncbi.nlm.nih.gov/24431333	English
Dataset based on the book "Clinical Evidence" (CE)	Sentence Extraction for Medical Question-Answering	Information Extraction	Improving clinical/biomedical NLP	Unknown	Indirectly		https://pubmed.ncbi.nlm.nih.gov/17238411	English
Dataset based on “Health Topics” articles downloaded from MedlinePlus	Computing readability scores of medical documents			Unknown			https://pubmed.ncbi.nlm.nih.gov/23920636	English
Dataset composed of UpToDate sentences rated in terms of clinical usefulness.	Extracting the most clinically useful sentences from UpToDate	Information Extraction	Review professional literature to maintain professional knowledge	Unknown	Indirectly		https://pubmed.ncbi.nlm.nih.gov/24551389	English
Dataset based on 11 million health-related tweets	Determining Health Utilities			Unknown			http://arxiv.org/abs/1608.03938v1	English
Dataset consisting of 50 research papers annotated on smoking cessation.	Information extraction	Information Extraction		Unknown	Not relevant		https://arxiv.org/ftp/arxiv/papers/1804/1804.07814.pdf	English
Dataset based on 146 documents containing information on informed consent in 10 languages	Information extraction from informed consents			Unknown			https://pubmed.ncbi.nlm.nih.gov/25160337	English
Dataset of 22 471 radiology reports	Clinical Information Extraction	Information Extraction	Improving clinical/biomedical NLP	Unknown	Indirectly		https://arxiv.org/ftp/arxiv/papers/1804/1804.07814.pdf	English
Dataset of 31 861 clinical notes from Mayo Clinic EHR system	Smoking information extraction	Information Extraction	Gather medical information from patient histories	Unknown	Indirectly		https://www.ncbi.nlm.nih.gov/pmc/articles/PMC5147453/	English
dataset of 608 concepts derived from 50 case report abstracts obtained from PubMed.	Automated phenotype extraction from clinical texts	Information Extraction	Improving clinical/biomedical NLP	On request	Indirectly		https://pubmed.ncbi.nlm.nih.gov/31655273	English
Dataset based on 15k clinical research papers from PubMed	Medical Text Classification			Unknown			https://arxiv.org/ftp/arxiv/papers/1704/1704.06841.pdf	English
BioASQ Task 8b: Biomedical Semantic QA (Involves IR, QA, Summarization)	Biomedical Semantic QA	Question answering	Review professional literature to maintain professional knowledge	Upon registration	Indirectly		http://www.bioasq.org/	English
DDI corpus	Information extraction	Information Extraction		Public	Not relevant		https://pubmed.ncbi.nlm.nih.gov/25817970	English
Dataset based on 1977 labeled head CT reports	Classification of radiology reports	Text Classification	Improving clinical/biomedical NLP	Unknown	Indirectly	Radiologists	https://arxiv.org/ftp/arxiv/papers/2002/2002.06670.pdf	English
Dataset based on 2 million free-text clinical documents belonging to decedent hematology/oncology patients from the electronic health records system used at the University of Michigan Health System (UMHS)	Computing readability scores of medical documents			Unknown			https://pubmed.ncbi.nlm.nih.gov/23920636	English
Deep Annotated PK Corpus V1	Extracting pharmacokinetic evidence of drug-drug interactions from the literature	Information Extraction	Review professional literature to maintain professional knowledge	Public	Indirectly		https://pubmed.ncbi.nlm.nih.gov/25961290	English
Dataset based on 2104 de-identified Chinese benign and malignant breast pathology reports from Hunan Cancer Hospital	Parsing breast pathology reports in Chinese	Syntactic analysis	Improving clinical/biomedical NLP	Unknown	Indirectly		https://pubmed.ncbi.nlm.nih.gov/29380208	Chinese
Dataset based on 243,907 discharge summaries from seven hospitals	Not applicable			Unknown			https://pubmed.ncbi.nlm.nih.gov/26262419	English
Dataset based on 3 368 radiology reports from a large urban hospital	Ranking Significant Discrepancies in Clinical Reports	Document Ranking	Verify accuracy of patient information	Unknown	Indirectly		https://link.springer.com/chapter/10.1007%2F978-3-030-45442-5_30	English
Deleger et al. corpus	Information extraction	Information Extraction	Improving clinical/biomedical NLP	Unknown	Indirectly		https://pubmed.ncbi.nlm.nih.gov/25817970	French
Dataset based on 300 sentences randomly generated from the set of 36,577 sentences containing drug and gene co-occurrences	Identifying core assertions on pharmacogenomics in Medline citations	Information Retrieval	Review professional literature to maintain professional knowledge	Unknown	Indirectly		https://pubmed.ncbi.nlm.nih.gov/19185946	English
Dataset based on 351 annotated Medline citations on the treatment of depression	Identifying comparative effectiveness studies and extracting the interventions investigated in these studies.	Information Extraction; Information Retrieval	Review professional literature to maintain professional knowledge	Unknown	Indirectly		https://pubmed.ncbi.nlm.nih.gov/23920677	English
Dataset based on 3753 annotated paper titles and abstracts	Medical text classification	Text Classification	Improving clinical/biomedical NLP	Unknown	Indirectly		https://arxiv.org/ftp/arxiv/papers/1904/1904.12617.pdf	English
BioASQ Task 9b: Biomedical Semantic QA (Involves IR, QA, Summarization)	Biomedical Semantic QA	Question answering	Improving clinical/biomedical NLP	Upon registration	Indirectly		http://www.bioasq.org/	English
EU-ADR corpus	Information extraction	Information Extraction	Improving clinical/biomedical NLP	Public	Indirectly		https://pubmed.ncbi.nlm.nih.gov/25817970	English
Dataset based on 5000 manually labeled patients	Phenotyping of EHR data	Text Classification	Improving clinical/biomedical NLP	Not available	Indirectly		https://pubmed.ncbi.nlm.nih.gov/27107443	English
BioASQ Task Synergy: Biomedical Semantic QA For COVID-19	Biomedical Semantic Indexing	Question answering	Improving clinical/biomedical NLP	Upon registration	Indirectly		http://www.bioasq.org/	English
Gurulingappa et al. corpus (case reports)	Information extraction	Information Extraction	Improving clinical/biomedical NLP	Public	Indirectly		https://pubmed.ncbi.nlm.nih.gov/25817970	English
Dataset based on 90 military blog posts describing deployment situations and 60 control posts of Operation Enduring Freedom/Operation Iraqi Freedom (OEF/OIF)	Retrieving and analyzing military blog posts	Information Retrieval		Unknown	Not relevant		https://pubmed.ncbi.nlm.nih.gov/20923755	English
Gurulingappa et al. corpus (literature)	Information extraction	Information Extraction		Unknown	Not relevant		https://pubmed.ncbi.nlm.nih.gov/25817970	English
Dataset based on a cohort of patients with ICD-9 codes for HCC during 2005-2010 from Veterans Affairs administrative data	Case Finding for Hepatocellular Cancer	Information Retrieval	Conduct research to increase knowledge about medical issues	Not available	Indirectly		https://pubmed.ncbi.nlm.nih.gov/23929403	English
Dataset based on a labeled corpus of English scientific medical abstracts from Springer website	Topic modeling	Topic modeling		Unknown	Not relevant		https://arxiv.org/pdf/1911.10953v1.pdf	English
Dataset based on a subset of randomly selected subjects with ≥ 1 SLE ICD-9/10 codes from institutional EHR	Identifying lupus patients in electronic health records	Text Classification	Conduct research to increase knowledge about medical issues	Unknown	Indirectly		https://pubmed.ncbi.nlm.nih.gov/30665626	English
Dataset based on a text corpus collected from 10 prostate cancer online support groups				Unknown			http://arxiv.org/abs/2009.09078v1	English
Dataset based on abdominal ultrasound, computerized tomography, and magnetic resonance imaging reports were retrieved from the Veterans Affairs Corporate Data Warehouse from a random national sample of 652 patients	Identifying the presence of fatty liver disease	Text Classification	Improving clinical/biomedical NLP	Unknown	Directly	Clinicians	https://pubmed.ncbi.nlm.nih.gov/28861720	English
i2b2 2006 Smoking Challenge	Identifying patient smoking status	Information Extraction	Gather medical information from patient histories	Upon registration	Indirectly		https://pubmed.ncbi.nlm.nih.gov/17947619	English
Dataset based on admission notes from the internal medicine service, which were entered via the eNote system during 2004–2006, amounting to 16,949 notes	Abbreviation detection in clinical notes	Abbreviation detection	Improving clinical/biomedical NLP	Unknown	Indirectly		https://pubmed.ncbi.nlm.nih.gov/18693951	English
i2b2 2008 Obesity Challenge	Clinical concept extraction	Information Extraction	Improving clinical/biomedical NLP	Upon registration	Indirectly		https://pubmed.ncbi.nlm.nih.gov/31511785	English
Dataset based on AERS dataset	Knowledge base building			Public			https://pubmed.ncbi.nlm.nih.gov/23920604	English
Dataset based on an un-identifiable claims database from a nationwide US health insurance plan with 60 million members over the period of 2008-2015 - Causative / Comorbidity / Semantic Type / NDRFT	Clinical Concept Embedding	Text embedding	Improving clinical/biomedical NLP	Unknown	Indirectly		https://arxiv.org/pdf/1804.01486v3.pdf	English
Dataset based on anatomical Therapeutic Chemical (ATC) classification	Not applicable			Unknown			https://pubmed.ncbi.nlm.nih.gov/23920673	English
i2b2 2009 Medication Challenge	Clinical concept extraction	Information Extraction	Improving clinical/biomedical NLP	Upon registration	Indirectly		https://pubmed.ncbi.nlm.nih.gov/31511785	English
Dataset based on ArrayExpress repository	Not applicable			Unknown			http://arxiv.org/abs/1612.00525v2	English
Dataset based on 18 UpToDate documents	Extracting clinically useful sentences from synthesized online clinical resources	Information Extraction	Review professional literature to maintain professional knowledge	Unknown	Indirectly		https://pubmed.ncbi.nlm.nih.gov/26774763	English
Dataset based on baobaozhidao, one of the biggest crowdsourced Q&A website about maternal and child health in China	Finding Similar Medical Questions	Semantic Similarity Estimation	Improving clinical/biomedical NLP	Unknown	Directly	Patients	http://arxiv.org/abs/1810.05983v1	Chinese
Dataset of annotated doctor-patient conversations	Medication Regimen Extraction from Medical Conversations	Information Extraction	Gather medical information from patient histories	Unknown	Indirectly		http://arxiv.org/abs/2010.05317v1	English
Dataset based on CépiDC (ICD-10 coding of death certificates)	Semantic annotation of French biomedical text and clinical notes	Text annotation	Improving clinical/biomedical NLP	Unknown	Indirectly		https://pubmed.ncbi.nlm.nih.gov/30400805	French
Dataset based on Chinese Coronary Artery Disease Registry	Clinical registry data verification	Data verification		Unknown			https://pubmed.ncbi.nlm.nih.gov/30777618	Chinese
ChestX-ray8	Medical Image Retrieval	Image Retrieval		Public	Not relevant		http://arxiv.org/abs/2007.08628v1	English
Clinical review datasets: LHVS: Leukodepletion for patients undergoing heart valve surgery	Active Learning in Systematic Reviews	Information retrieval		Unknown	Not relevant		https://arxiv.org/pdf/1801.09496v1.pdf	English
Dataset based on PubMed citations manually annotated for relevance and quality	Information retrieval	Information Retrieval		Unknown	Not relevant		https://pubmed.ncbi.nlm.nih.gov/20841778	English
Dataset based on clinical institutional data	Identifying novel associations in clinical data			Unknown			https://pubmed.ncbi.nlm.nih.gov/24928177	English
Dermnet dataset	Medical Image Retrieval	Image Retrieval		Unknown	Not relevant		https://arxiv.org/pdf/2007.08628v1.pdf	English
Dataset based on clinical study: Northern Manhattan Stroke Study(NOMASS)	Coding neuroradiology reports	Text Classification	Gather medical information from patient histories	Unknown	Indirectly		https://pubmed.ncbi.nlm.nih.gov/10772780	English
Institutional dataset based on 1001 longitudinal patient records from Cleveland Clinic	Extracting Treatment Plans from Clinical Notes	Information Extraction	Prepare reports summarizing patient diagnostic or care activities	Unknown	Indirectly		https://arxiv.org/ftp/arxiv/papers/1906/1906.11930.pdf	English
Institutional dataset based on 4654 annotated clinical questions	Extracting information needs from complex clinical questions	Information Extraction	Improving clinical/biomedical NLP	Unknown	Indirectly		https://pubmed.ncbi.nlm.nih.gov/20670693	English
Dataset based on DailyStrength	Text classification for adverse drug reaction detection	Text Classification	Improving clinical/biomedical NLP	Unknown	Indirectly		https://pubmed.ncbi.nlm.nih.gov/25451103	English
Dataset based on discharge summaries of 57 Dept. of Digestive Surgery patients	Determining patient clinical profiles			Unknown			https://pubmed.ncbi.nlm.nih.gov/1807679	English
Dataset based on discharge summary from two hospitals	Not applicable			Unknown			https://pubmed.ncbi.nlm.nih.gov/23920838	Japanese
Dataset based on e Gene Expression Omnibus (GEO) repository	Drug sensitivity prediction			Unknown			https://arxiv.org/pdf/1612.00525v2.pdf	English
Dataset based on EHR data comprised of 78 individuals with a total of 120 aneurysms	Constructing observational databases for research			Unknown			https://pubmed.ncbi.nlm.nih.gov/25817919	English
MrOS Sleep Study (MrOS)	Information extraction	Information Extraction	Improving clinical/biomedical NLP	Public	Indirectly		http://arxiv.org/abs/1905.05827v1	English
Dataset based on eligibility criteria and metadata for 437 trials open for recruitment in four different clinical domains were identified in ClinicalTrials.gov	Trial eligibility screening	Information Retrieval	Conduct research to increase knowledge about medical issues	Not available	Indirectly		https://pubmed.ncbi.nlm.nih.gov/25334031	English
n2c2 (= i2b2) / OHNLP Track on Family History Extraction	Family History Extraction	Information Extraction	Collect medical information from patients, family members, or other medical professionals	Upon registration	Indirectly		https://n2c2.dbmi.hms.harvard.edu/	English
Dataset based on free text in Hospital Patient Incident reports from the National Health Service	Topic modeling			Unknown			http://arxiv.org/abs/1807.02599v1	English
Dataset based on ICD-9 billing codes	Text classification for phenotyping lupus	Text Classification	Improving clinical/biomedical NLP	Not available	Indirectly		https://pubmed.ncbi.nlm.nih.gov/28830409	English
Dataset based on institutional admissions database, SI3, from the InCor-HCFMUSP,	Cohort selection from EHR			Unknown			https://pubmed.ncbi.nlm.nih.gov/28495342	English
Neurology dataset manually annotated with medical concepts.	Concept extraction from clinical notes	Information Extraction	Improving clinical/biomedical NLP	Unknown	Indirectly		https://pubmed.ncbi.nlm.nih.gov/26958209	English
OPERAM Dataset	Clinical concept extraction	Information Extraction	Improving clinical/biomedical NLP	Unknown	Indirectly		https://pubmed.ncbi.nlm.nih.gov/31511785	English
Dataset based on institutional EHR data (Mayo Clinic)	Smoking status classification and hip fracture classification	Text Classification	Gather medical information from patient histories	Not available	Indirectly		https://pubmed.ncbi.nlm.nih.gov/30616584	English
Dataset based on institutional EHR data of 7.5 million notes corresponding to visits from about 1 million patients	Automated ICD Coding	Medical Code Prediction	Process medical billing information	Unknown	Indirectly		https://arxiv.org/pdf/2006.03685v1.pdf	English
Orthopedic dataset manually annotated with medical concepts.	Concept extraction from clinical notes	Information Extraction	Improving clinical/biomedical NLP	Unknown	Indirectly		https://pubmed.ncbi.nlm.nih.gov/26958209	English
Pharmacokinetics DDI-Relevant Abstracts V0	Extracting pharmacokinetic evidence of drug-drug interactions from the literature	Information Extraction	Review professional literature to maintain professional knowledge	Public	Indirectly		https://pubmed.ncbi.nlm.nih.gov/25961290	English
Dataset based on radiology reports, medication orders, laboratory tests, microbiology sensitivity tests, and microbiology results	Information retrieval	Information Extraction	Improving clinical/biomedical NLP	Unknown	Indirectly		https://pubmed.ncbi.nlm.nih.gov/16779017	English
Dataset based on Mayo Clinic clinical notes from 2001-2010	-			Unknown			https://pubmed.ncbi.nlm.nih.gov/22195220	English
Sleep Heart Health Study (SHHS)	Information extraction	Information Extraction	Improving clinical/biomedical NLP	Public	Indirectly		http://arxiv.org/abs/1905.05827v1	English
Diabetic Retinopathy Detection (Retina) Dataset	Medical Image Retrieval	Image Retrieval		Upon registration	Not relevant		http://arxiv.org/abs/2007.08628v1	English
Dataset based on MIMIC-III	Patient representation learning from clinical notes	Text embedding	Improving clinical/biomedical NLP	Unknown	Indirectly		https://pubmed.ncbi.nlm.nih.gov/29966746	English
Dataset based on more than 10 million clinical notes from the medical center of UC San Diego from 2012 to 2015	Deduplication			Unknown			https://arxiv.org/pdf/1704.05617v1.pdf	English
Dataset based on multiple myeloma research database from Heidelberg University Hospital	Classification of free-text diagnostic reports to automatically document the diagnosis and state of disease of myeloma patients	Text Classification	Enter patient or treatment data into computers	Unknown	Directly	Clinicians	https://pubmed.ncbi.nlm.nih.gov/27406024	English
Dataset based on MUSC clinical data warehouse	Detecting a patient's eligibility for a sample of breast cancer clinical trials	Text Classification	Conduct research to increase knowledge about medical issues	Unknown	Indirectly		https://pubmed.ncbi.nlm.nih.gov/31445247	English
Dataset based on unlabeled corpus of 1607 nursing notes + 1527 abstracts from medical Springer journals	Topic modeling			Unknown			https://arxiv.org/pdf/1911.10953v1.pdf	English
Dataset based on narrative chest radiographic reports from an urban academic medical center	Translating chest radiographic narrative reports into a large database of information	Database generation		Not available	Not relevant		https://pubmed.ncbi.nlm.nih.gov/12091676	English
Dataset based on OncoSHARE database	Prediction of the timing of distant metastatic recurrence	Event prediction		Unknown			https://pubmed.ncbi.nlm.nih.gov/31584836	English
Dataset based on PubMed	Extraction of phenotypic features from literature			Unknown			https://pubmed.ncbi.nlm.nih.gov/25160250	English
Dataset based on PubMed abstracts	Not applicable			Unknown			http://arxiv.org/abs/1806.02814v1	English
Dataset based on PubMed articles	Classifying biomedical texts to facilitate systematic reviews	Text Classification		Unknown	Not relevant		https://pubmed.ncbi.nlm.nih.gov/18999194	English
Dataset based on PubMed Central (PMC) Open Access Subset	Not applicable			Unknown			http://arxiv.org/abs/2005.05114v1	English
Dataset based on radio podcast "People's Pharmacy Radio Program"	Not applicable			Unknown			http://arxiv.org/abs/2011.07959v1	English
Dataset based on radiology head CT reports of patients from intensive care units (ICUs) with altered mental status from Emory Healthcare	Classification of Radiology Reports	Text Classification	Process x-rays or other medical images; Analyze test data or images to inform diagnosis or treatment	Public (planned)	Indirectly		http://arxiv.org/abs/1708.06828v1	English
Dataset based on radiology reports associated with all computed tomography (CT) studies of the head located in the PACS database serving of our adult and pediatric hospitals and all affiliated outpatient centers for the year of 2015 (Stanford University School of Medicine)	Word embeddings for radiology reports	Text embedding		Not available			https://pubmed.ncbi.nlm.nih.gov/29854105	English
TAC2017ADR (Drug labels)	Information extraction	Information Extraction	Improving clinical/biomedical NLP	Public	Indirectly		http://arxiv.org/abs/1908.03548v1	English
Dataset based on records of breast cancer patients treated at the University of Kansas Medical Center	Classifying the hormone receptor status of breast cancer patients	Text Classification	Improving clinical/biomedical NLP	Unknown	Indirectly		https://pubmed.ncbi.nlm.nih.gov/31239489	English
Dataset based on regional EHR data	Phenotyping of EHR data			Not available			https://pubmed.ncbi.nlm.nih.gov/29295165	English
TRIAD, Italian dataset based on 5432 non-annotated medical reports belonging to patients with rare arrhythmias	Information extraction from Italian medical reports	Information Extraction	Improving clinical/biomedical NLP	Unknown	Indirectly		https://pubmed.ncbi.nlm.nih.gov/29425625	Italian
Dataset based on SM posts crawled from open online patient forums and communities	Adverse event (AE) identification in social media (SM)			Unknown			https://pubmed.ncbi.nlm.nih.gov/31392844	English
BC5CDR	Disease Named Entity Recognition and Normalization (DNER), Chemical-induced diseases relation extraction (CID)	Lexical Normalization;Information Extraction	Improving clinical/biomedical NLP	On request	Indirectly		http://arxiv.org/abs/1812.06081v1	English
Dataset based on Truven Health MarketScan®	Disease prediction	Disease prediction		Unknown			https://arxiv.org/ftp/arxiv/papers/2005/2005.12833.pdf	English
Dataset based on Twitter	Text classification for adverse drug reaction detection	Text Classification	Improving clinical/biomedical NLP	Public	Indirectly		https://pubmed.ncbi.nlm.nih.gov/25451103	English
Dataset based on two hundred thousand institutional radiology and pathology reports	Matching pathology reports to pertinent radiology reports	Text mapping		Unknown			https://pubmed.ncbi.nlm.nih.gov/31173746	English
Dataset based on unstructured electronic health record (EHR) data available at Mayo Clinic	Word embeddings of clinical notes and biomedical publications			Unknown			https://pubmed.ncbi.nlm.nih.gov/30217670	English
Dataset based on unstructured medical chart notes from the Providence Health & Services electronic medical record	Predicting COPD Readmission			Unknown			https://arxiv.org/abs/1503.05123	English
Dataset collected from the National Medical Licensing Examination of China	Generation of Medical Question-Answer Pairs	Text Generation		Unknown	Not relevant		https://arxiv.org/pdf/1811.00681v2.pdf	Chinese
Subset of the Shared Annotated Resources (ShARe) corpus of annotated clinical text-	Disorder recognition and normalization of the clinical narrative	Lexical Normalization;Information Extraction	Improving clinical/biomedical NLP	Unknown	Indirectly		https://pubmed.ncbi.nlm.nih.gov/25147248	English
Dataset comprising 59 clinical questions from two on-line sources: the Family Practice Inquiries Networka and Parkhurst Exchange; Dataset based on MEDLINE manually annotated for relevance	Semantic clustering of answers to clinical questions	Text Clustering	Improving clinical/biomedical NLP	Unknown	Indirectly		https://pubmed.ncbi.nlm.nih.gov/18693878	English
Dataset consisting of 17722 various clinical documents	Integrating prescription data into clinical data warehouse			Unknown			https://pubmed.ncbi.nlm.nih.gov/25991243	English
"Dataset based on 2300 sample notes from the Medical Transcripts Samples site and 100 FAQ sections from the EMA site."	Named entity recognition	Information Extraction		Unknown	Not relevant		https://arxiv.org/ftp/arxiv/papers/1910/1910.11241.pdf	English
AnatEM	Anatomical entity mention recognition	Information Extraction	Improving clinical/biomedical NLP	Public	Indirectly		http://arxiv.org/abs/2011.06315v1	English
BC2GM	Named entity recognition	Information Extraction		On request	Not relevant		http://dx.doi.org/10.18653/v1/W19-5034	English
ImageCLEFmedical 2010 Medical Retrieval Task	Medical image retrieval	Image Retrieval		Upon registration	Not relevant		https://www.imageclef.org/	English
Dataset generated from 2860 VA discharge summaries containing 567,520 phrases that had been mapped to 12,056 distinct Systematized Nomenclature of Medicine - Clinical Terms (SNOMED CT) concepts	Concept mapping of phrases from medical narratives	Concept mapping		Not available			https://pubmed.ncbi.nlm.nih.gov/24316051	English
Dataset of 1569 patients with PAD and controls from Mayo Clinic	Automatic ascertainment of PAD cases from clinical notes	Disease Prediction	Diagnose medical conditions	Unknown	Directly	Clinicians	https://pubmed.ncbi.nlm.nih.gov/28189359	English
BC4CHEMD	Named entity recognition	Information Extraction		Public	Not relevant		http://arxiv.org/abs/2011.06315v1	English
BioNLP / JNLPBA Shared Task 2004	Named entity recognition	Information Extraction	Improving clinical/biomedical NLP	Public	Indirectly		http://www.bionlp-st.org/	English
BioNLP / JNLPBA Shared Task 2004	Named entity recognition	Information Extraction		Public	Not relevant		http://www.bionlp-st.org/	English
ImageCLEFmedical 2011 Medical Image Retrieval Task	Medical image retrieval	Image Retrieval		Upon registration	Not relevant		https://www.imageclef.org/	English
Dataset of clinical notes based on institutional data	Detecting the presence of an indwelling urinary catheter in clinical notes			Unknown			https://pubmed.ncbi.nlm.nih.gov/26534722	English
BioNLP-ST 2019 CRAFT-CA	Concept annotation	Information Extraction		Public	Not relevant		http://www.bionlp-st.org/	English
ImageCLEFmedical 2013 AMIA medical task	Medical image retrieval	Image Retrieval		Upon registration	Not relevant		https://www.imageclef.org/	English
Dataset with 1970 abbreviations	Biomedical abbreviation expansion	Abbreviation expansion	Improving clinical/biomedical NLP	Unknown	Indirectly		http://arxiv.org/abs/1906.03360v1	English
Dataset with 7149 patients based on Optum© de-identified Integrated Claims-Clinical dataset	Assessing stroke severity using electronic health record data	Phenotyping		Not available			https://pubmed.ncbi.nlm.nih.gov/31914991	English
Dataset with disease-symptom triples based on 41700 EMR data from 360 doctors	Discovering knowledge Condition Information	RDF Dataset Discovery	Improving clinical/biomedical NLP	Unknown	Indirectly		https://arxiv.org/pdf/1809.10404v2.pdf	English
Dataset with information about disease-specific medications in published randomized control trials and discharge summaries at NewYork-Presbyterian Hospital over a ten-year period	Detecting trends in medication usage over time for two diseases: HIV/AIDS and asthma			Unknown			https://pubmed.ncbi.nlm.nih.gov/18693810	English
Dataset with stage III breast cancer patients based on institutional EHR data	Characterizing the clinical course of patients with stage III breast cancer	Phenotyping		Unknown			https://pubmed.ncbi.nlm.nih.gov/31369338	English
Datasets based on clinical guidelines on hypertension asthma and rhinosinusitis annotated for the conditions, consequences, modifiers of conditions and type of consequences	Identifying Condition-Action Statements in Medical Guidelines	Inference and reasoning	Improving clinical/biomedical NLP	Unknown	Indirectly		http://arxiv.org/abs/1706.04206v2	English
Datasets based on ClinicalTrials.gov	Identifying links between trial registrations and published articles	Entity Alignment		Unknown	Not relevant		http://dx.doi.org/10.1016/j.jclinepi.2017.12.007	English
Datasets based on two large scale patient safety data obtained from a large healthcare providers in mid-Atlantic US and the Institute for Safe Medication Practices (ISMP).	Classifying patient safety events	Text Classification	Improving clinical/biomedical NLP	Unknown	Indirectly		https://arxiv.org/pdf/1702.07092v1.pdf	English
BioNLP-ST 2019 CRAFT-SA	Structural annotation	Information Extraction		Public	Not relevant		http://www.bionlp-st.org/	English
DDSM	Computer-aided diagnosis	Image classification		Public			http://arxiv.org/abs/2010.10563v1	English
BioNLP-ST 2019 PharmaCoNER task	Named entity recognition	Information Extraction		Public	Not relevant		http://www.bionlp-st.org/	English
BioProp from biomedical literature	Semantic role labeling	Information Extraction		Public	Not relevant		https://pubmed.ncbi.nlm.nih.gov/26063745	English
DementiaBank dataset	Not applicable			Not available			http://arxiv.org/abs/1808.03967v1	English
ImageNet (ILSVRC2012)	Medical Image Retrieval	Image Retrieval		Upon registration	Not relevant		http://image-net.org/index	English
OpenI dataset	Information retrieval	Information Retrieval		Unknown	Not relevant		http://arxiv.org/abs/2010.14587v1	English
Diagnosis codes assignment dataset	Diagnosis code assignment	Medical code prediction	Process medical billing information	On request	Indirectly		http://dx.doi.org/10.1093/jamia/ocz085	English
DIARETDB0	Diabetic retinopathy detection from digital images	Image classification		Public			http://arxiv.org/abs/2010.10563v1	English
DIARETDB1	Diabetic retinopathy detection from digital images	Image classification		Public			http://arxiv.org/abs/2010.10563v1	English
DisGeNet	Not applicable			Public			http://arxiv.org/abs/1705.05183v2	English
DPCAD: Psychological and pharmacological interventions for depression in patients with coronary artery disease	Active learning in systematic reviews	Information Retrieval		Unknown	Not relevant		http://arxiv.org/abs/1801.09496v1	English
Drug-Disease Association Data	Inferring novel drug indications	Inference and reasoning		Public			http://arxiv.org/abs/1705.05183v2	English
DrugBank				Public			http://arxiv.org/abs/1705.05183v2	English
Dutch clinical corpus containing four types of anonymized clinical documents: entries from general practitioners, specialists' letters, radiology reports, and discharge letters	Identifying contextual properties of medical terms	Identification of contextual properties	Improving clinical/biomedical NLP	Public	Indirectly		https://pubmed.ncbi.nlm.nih.gov/25432799	Dutch
eDiseases dataset	Sentiment analysis	Sentiment analysis		Public			http://arxiv.org/abs/2005.05114v1	English
EHR-RelA	Concept relatedness estimation	Semantic relatedness estimation	Improving clinical/biomedical NLP	Public	Indirectly		http://arxiv.org/abs/2010.16218v1	English
EHR-RelB	Concept relatedness estimation	Semantic relatedness estimation	Improving clinical/biomedical NLP	Public	Indirectly		http://arxiv.org/abs/2010.16218v1	English
eICU critical care dataset				On request			http://dx.doi.org/10.1371/journal.pone.0235424	English
Emory Kidney Transplant Dataset (EKTD)	Readmission prediction	Event prediction		Unknown			https://arxiv.org/pdf/1906.01498.pdf	English
VQA-Med	Visual question answering	Visual question answering	Process x-rays or other medical images; Analyze test data or images to inform diagnosis or treatment	Public	Directly	Radiologists	http://arxiv.org/abs/2010.12435v1	English
ePillID	Pill identification	Image classification		Public			http://arxiv.org/abs/2005.14288v2	English
BioScope corpus: biomedical texts annotated for uncertainty, negation and their scopes	Detecting uncertain and negative assertions in biomedical text	Information Extraction		On request	Not relevant		https://pubmed.ncbi.nlm.nih.gov/19025695	English
EvidenceInference	Natural language inference	Inference and reasoning	Improving clinical/biomedical NLP	Public	Indirectly		http://evidence-inference.ebm-nlp.com/	English
FluencyBank	Not applicable			Public			https://fluency.talkbank.org/access/Voices-AWS.html	English
FVC: Interventions for increasing fruit and vegetable consumption in children aged 5 years and under	Active learning in systematic reviews	Information Retrieval		Unknown	Not relevant		http://arxiv.org/abs/1801.09496v11	English
CCKS-2017 Task 2	Chinese clinical named entity recognition	Information Extraction	Improving clinical/biomedical NLP	Public	Indirectly		https://pubmed.ncbi.nlm.nih.gov/30946674	Chinese
Community for Information access Research (NTCIR-13) Medical natural language processing for Web document (MedWeb)	Symptom detection in tweets	Information Extraction		Public	Not relevant		https://pubmed.ncbi.nlm.nih.gov/30785407	Japanese
Hallmarks of cancer dataset	Multi-label classification of biomedical texts	Text Classification		Public	Not relevant		http://dx.doi.org/10.1093/jamia/ocz0855	English
Human-annotated dataset of 350 preference\njudgments among pairs of knowledge base properties for fixed entitie	Ranking of knowledge base properties	Entity ranking		Public	Not relevant		http://arxiv.org/abs/1709.06907v1	English
i2b2 2006 de-identification challenge Task (Discharge summaries)	De-identification of psychiatric notes	De-identification		Upon registration			https://n2c2.dbmi.hms.harvard.edu/	English
CRAFT	Named entity recognition	Information Extraction		Public	Not relevant		http://dx.doi.org/10.18653/v1/W19-5034	English
Dataset based on "Veterans Affairs EMR"	Detecting HFpEF in a large national database	Information Extraction		Not available			https://pubmed.ncbi.nlm.nih.gov/29954337	English
Dataset based on 191 clinical trial reports of the EBM-NLP corpus	Supporting non-export annotators of biomedical corpora	Information Extraction		Unknown	Not relevant		https://arxiv.org/pdf/2005.08367v1.pdf	English
Dataset based on AskaPatient database which contains 59912 publicly available reviews for about 4K drugs	Adverse drug event detection	Information Extraction	Improving clinical/biomedical NLP	On request	Indirectly		http://arxiv.org/abs/1706.05549v1	English
i2b2/UTHealth 2014 shared task on deidentification, diabetes patients’ notes (Track 1)	De-identification of psychiatric notes	De-identification		Upon registration			https://n2c2.dbmi.hms.harvard.edu/	English
Dataset based on FluencyBank Adult-who-Stutter(AWS) sub-dataset	Identification of primary and collateral tracks in stuttered speech	Information Extraction		Unknown			https://pubmed.ncbi.nlm.nih.gov/25817970/	English
i2b2/VA relation classification challenge datasets	Classifying relations in clinical narratives	Relation Classification	Improving clinical/biomedical NLP	Upon registration	Indirectly		https://pubmed.ncbi.nlm.nih.gov/30590613	English
VQA-RAD	Visual question answering	Visual question answering	Process x-rays or other medical images; Analyze test data or images to inform diagnosis or treatment	Public	Directly	Radiologists	https://www.nature.com/articles/sdata2018251	English
Dataset consisting of 6,625 tweets collected within a time period from week 12th through week 14th of year 2011.	Detecting epidemic outbreaks on Twitter	Information Extraction		Unknown			https://arxiv.org/pdf/1611.03426v1.pdf	English
Dataset based on 49,028 MEDLINE documents classified across three dimensions	Identifying articles with high quality clinical evidence	Information Retrieval	Review professional literature to maintain professional knowledge	Unknown	Directly	Clinicians	https://pubmed.ncbi.nlm.nih.gov/18998881	English
Dataset based on 5696 question-answer pairs on EHR data	Question Answering based on EHR data	Question answering	Improving clinical/biomedical NLP	Unknown	Directly	Clinicians	http://arxiv.org/abs/1805.06816v1	English
ImageCLEFmedical 2008 Medical Automatic Image Annotation Task	Medical image annotation	Image Annotation		Upon registration			https://www.imageclef.org/	English
Dataset based on CliCRT	Multi-hop reasoning	Inference and reasoning	Improving clinical/biomedical NLP	Unknown	Indirectly		https://arxiv.org/pdf/1910.07350v1.pdf	English
Dataset based on Clinical Evidence (CE) , Dataset based on Physicians' Desk Reference (PDR)	Summarization of MEDLINE citations, identifying useful drug interventions for diseases	Text Summarization	Review professional literature to maintain professional knowledge	Unknown	Indirectly	Clinicians	https://pubmed.ncbi.nlm.nih.gov/19022398	English
ImageCLEFmedical 2009 Medical Image Annotation Task	Medical image annotation	Image Annotation	Process x-rays or other medical images; Analyze test data or images to inform diagnosis or treatment	Upon registration	Indirectly		https://www.imageclef.org/	English
Dataset based on clinical notes from the VINCI database	Retrieval of clinical documents	Information Retrieval	Gather medical information from patient histories	Unknown	Directly	Clinicians	https://pubmed.ncbi.nlm.nih.gov/23304381	English
Dataset based on question-answer pairs (QA pairs) from the largest Chinese medical QA website	Medical question-answering	Question answering	Explain medical procedures or test results to patients or family members	Unknown	Indirectly		https://arxiv.org/pdf/1809.10404v2.pdf	Chinese
Dataset covering 4445 reports from the year 2014 for the Italian region Veneto.	Encoding adverse drug reactions	Information Extraction		Unknown			https://arxiv.org/pdf/1612.03762v1.pdf	English
Dataset of medical questions	Medical question-answering	Question answering	Review professional literature to maintain professional knowledge	Unknown	Indirectly		https://pubmed.ncbi.nlm.nih.gov/17238385	English
emrQA based on i2b2 datasets	Question Answering on Electronic Medical Records	Question answering	Gather medical information from patient histories	Upon registration	Directly	Clinicians	http://arxiv.org/abs/1809.00732v1	English
ImageCLEFmedical 2014 Liver CT annotation	Medical image annotation	Image Annotation		Upon registration			https://www.imageclef.org/	English
ImageCLEFmedical 2015 Medical classification	Classification	Image Classification	Process x-rays or other medical images; Analyze test data or images to inform diagnosis or treatment	Upon registration	Indirectly		https://www.imageclef.org/	English
ImageCLEFmedical 2015 Medical clustering	Clustering	Image Clustering		Upon registration	Not relevant		https://www.imageclef.org/	English
ImageCLEFmedical 2016 The Medical Task	Medical compound figure separation, Multi-label classification	Figure separation; Image classification		Upon registration			https://www.imageclef.org/	English
ImageCLEFmedical 2017 Tuberculosis CT analysis	CT analysis	Image classification		Upon registration			https://www.imageclef.org/	English
ImageCLEFmedical 2018 Image Captioning	Image captioning	Image Captioning	Process x-rays or other medical images; Analyze test data or images to inform diagnosis or treatment	Upon registration	Indirectly		https://www.imageclef.org/	English
ImageCLEFmedical 2018 Tuberculosis CT analysis	CT analysis	Image classification		Upon registration			https://www.imageclef.org/	English
ImageCLEFmedical 2008 Medical Retrieval Task	Image retreival	Image Retrieval		Upon registration	Not relevant		https://www.imageclef.org/	English
ImageCLEFmedical 2019 Image Captioning	Image captioning	Image Captioning	Process x-rays or other medical images; Analyze test data or images to inform diagnosis or treatment	Upon registration	Indirectly		https://www.imageclef.org/	English
ImageCLEFmedical 2019 Tuberculosis CT analysis	CT analysis	Image classification		Upon registration			https://www.imageclef.org/	English
ImageCLEFmedical 2009 ImageCLEF 2009 medical retrieval task	Image retrieval	Image Retrieval		Upon registration	Not relevant		https://www.imageclef.org/	English
ImageCLEFmedical 2020 Image Captioning	Image captioning	Image Captioning	Process x-rays or other medical images; Analyze test data or images to inform diagnosis or treatment	Upon registration	Indirectly		https://www.imageclef.org/	English
ImageCLEFmedical 2020 Tuberculosis CT analysis	CT analysis	Image classification		Upon registration			https://www.imageclef.org/	English
ImageCLEFmedical 2011 Medical User-oriented Image Retrieval Task	Image retrieval	Image Retrieval		Upon registration	Not relevant		https://www.imageclef.org/	English
ImageCLEFmedical 2021 Image Captioning	Image captioning	Image Captioning	Process x-rays or other medical images; Analyze test data or images to inform diagnosis or treatment	Upon registration	Indirectly		https://www.imageclef.org/	English
ImageCLEFmedical 2021 Tuberculosis CT analysis	CT analysis	Image classification		Upon registration			https://www.imageclef.org/	English
ImageCLEFmedical 2012 Medical Image Classification and Retrieval	Image classification, Image retrieval	Image Retrieval; Image classification	Process x-rays or other medical images; Analyze test data or images to inform diagnosis or treatment	Upon registration	Indirectly		https://www.imageclef.org/	English
ImageCLEFmedical 2017 Image Captioning	Image captioning	Image Captioning	Process x-rays or other medical images; Analyze test data or images to inform diagnosis or treatment	Upon registration	Indirectly		https://www.imageclef.org/	English
ImageCLEFmedical 2018 Visual Question Answering (VQA)	Visual Question Answering (VQA)	Visual question answering	Process x-rays or other medical images; Analyze test data or images to inform diagnosis or treatment	Upon registration	Directly	Clinicians	https://www.imageclef.org/	English
INBreast	Not described	Not described		Public			http://arxiv.org/abs/2010.10563v1	English
Dataset of data entry-review dialogue in a dialysis care setting based on DMAR®	Question identification	Information Extraction		Not available			http://arxiv.org/abs/2010.07816v1	English
Institutional dataset covering text annotated based on four entities: Chemical, Disease, Symptom and Dosage	Named entity recognition	Information Extraction	Improving clinical/biomedical NLP	Unknown	Indirectly		http://arxiv.org/abs/1910.11241v2	English
ImageCLEFmedical 2019 Visual Question Answering (VQA)	Visual Question Answering (VQA)	Visual question answering	Process x-rays or other medical images; Analyze test data or images to inform diagnosis or treatment	Upon registration	Directly	Clinicians	https://www.imageclef.org//	English
Institutional dataset based on in-house chest x-ray reports	Abnormality classification of radiology reports	Text Classification		Unknown			http://arxiv.org/abs/2010.14587v1	English
Institutional dataset based on primary THR patients operated within a regional network of multiple hospitals	Medical Adverse Event Detection from Free-Text Medical Narratives	Event detection	Evaluate patient functioning, capabilities, or health	Unknown	Indirectly		https://arxiv.org/ftp/arxiv/papers/2004/2004.08333.pdf	English
Institutuional EHR data from South London and Maudsley (SLaM) NHS Trust, a secondary and tertiary mental healthcare provider serving a geographic catchment of roughly 1.3 million residents of four south London boroughs (Lambeth, Southwark, Lewisham, and Croydon)	Detection of of suicide Ideation and Suicidal Attempts in a clinical database	Information Extraction	Diagnose neural or psychological disorders	On request	Indirectly		https://pubmed.ncbi.nlm.nih.gov/29743531	English
Institutional EHR dataset (University of California)	Identifying and characterizing highly similar notes in big clinical note datasets			Unknown			https://pubmed.ncbi.nlm.nih.gov/29679685	English
King’s College Hospital Foundation Trust (KCH) Dataset	Medical concept annotation	Information Extraction		Not available			https://arxiv.org/ftp/arxiv/papers/2010/2010.01165.pdf	English
Instiutional dataset based on 13 million confidential reports of patient safety incidents reported to the National Reporting and Learning System (NRLS) between 2004 and 2016 from NHS trusts and hospitals in England and Wales	Not applicable			Not available			http://dx.doi.org/10.1007/s41109-018-0109-9	English
IU X-Ray	Generating Radiology Reports	Text Generation		Public			http://arxiv.org/abs/2010.10563v1	English
Kaiser Permanente datasets	Coding clinical text documentation of overdose, including identification of intention for self-harm, substances involved, substance abuse, and error in medication usage	Text Classification	Diagnose neural or psychological disorders	Unknown	Indirectly		https://pubmed.ncbi.nlm.nih.gov/31218780	English
Linnaeus	Named entity recognition	Information Extraction		Unknown			http://dx.doi.org/10.18653/v1/W19-5034	English
Large-scale administrative claims database	Embedding of clinical concepts			Unknown			https://pubmed.ncbi.nlm.nih.gov/30864306	English
NCBI-Disease	Disease name recognition and concept normalization	Information Extraction	Improving clinical/biomedical NLP	Public	Indirectly		http://arxiv.org/abs/2011.06315v1	English
List of medical terms from BMJ Clinical Evidence	Multilanguage searching for MEDLINE/PubMed			Unknown			https://pubmed.ncbi.nlm.nih.gov/18998782	English
LiTS	Liver tumor segmentation	Image segmentation		Upon registration			http://arxiv.org/abs/2010.10563v1	English
ImageCLEFmedical 2020 Visual Question Answering (VQA)	Visual Question Answering (VQA)	Visual question answering	Process x-rays or other medical images; Analyze test data or images to inform diagnosis or treatment	Upon registration	Directly	Clinicians	https://www.imageclef.org/	English
m2cai16-tool	Tool Detection and Operative Skill Assessment in Surgical Videos	Object Detection		Public			https://arxiv.org/pdf/1802.08774.pdf	English
PharmaCoNER corpus	Named entity recognition	Information Extraction	Improving clinical/biomedical NLP	On request	Indirectly		http://arxiv.org/abs/2005.09397v1	Spanish
PICONET	Population, Intervention and Outcome (PIO) detection in medical texts	Information Extraction	Improving clinical/biomedical NLP	Unknown	Indirectly		https://arxiv.org/pdf/1906.11085v1.pdf	English
Pooled dataset based on I2B2 datasets from 2007 to 2012 (de-duplicated)	Named entity recognition	Information Extraction	Improving clinical/biomedical NLP	Unknown	Indirectly		https://arxiv.org/ftp/arxiv/papers/1901/1901.01592.pdf	English
Manual annotated dataset based on Cochrane Database of Systematic Reviews (CDSR)	Assessing bias in clinical trials	Inference and reasoning		Unknown	Not relevant		https://pubmed.ncbi.nlm.nih.gov/26104742	English
ShAReCLEF eHealth 2013 Task 1a: Named entity recognition and normalization of disorders, Boundary detection	Named entity recognition	Information Extraction	Improving clinical/biomedical NLP	On request	Indirectly		https://www.physionet.org/content/shareclefehealth2013/1.0/	English
MayoSRS datasets	Semantic similarity estimation, Semantic relatedness estimation	Semantic Similarity Estimation; Semantic relatedness estimation	Improving clinical/biomedical NLP	Public	Indirectly		https://nlp.cs.vcu.edu/data.html	English
n2c2 2019 — Track 1: n2c2/OHNLP Track on Clinical Semantic Textual Similarity	Semantic similarity estimation	Semantic Similarity Estimation	Improving clinical/biomedical NLP	Upon registration	Indirectly		http://dx.doi.org/10.1109/ICHI.2019.8904728	English
MEDDOCAN	Medical Document Anonymization	De-identification		Upon registration			http://arxiv.org/abs/2003.03106v2	Spanish
Medical Residents Relatedeness Set (UMNSRS-Relatedness)	Semantic relatedness estimation	Semantic relatedness estimation	Improving clinical/biomedical NLP	Public	Indirectly		http://rxinformatics.umn.edu/SemanticRelatednessResources.html	English
Medical Residents Similarity Set (UMNSRS-Similarity)	Semantic similarity estimation	Semantic Similarity Estimation	Improving clinical/biomedical NLP	Public	Indirectly		http://rxinformatics.umn.edu/SemanticRelatednessResources.html	English
ImageCLEFmedical 2021 Visual Question Answering (VQA)	Visual Question Answering (VQA)	Visual question answering	Process x-rays or other medical images; Analyze test data or images to inform diagnosis or treatment	Upon registration	Directly	Clinicians	https://www.imageclef.org/	English
Institutional dataset based on 90 de-identified physician-annotated EHR notes	Importance ranking of EHR notes	Document Ranking	Gather medical information from patient histories	Unknown	Indirectly	Patients	http://dx.doi.org/10.1016/j.jbi.2017.02.016	English
MEDIQA 2019 - Natural Language Inference (NLI)	Natural language inference	Inference and reasoning	Improving clinical/biomedical NLP	On request	Indirectly		http://arxiv.org/abs/1906.07854v1	English
LiveQA	Medical question-answering	Question answering	Explain medical procedures or test results to patients or family members	Public	Indirectly		http://arxiv.org/abs/2009.13081v1	English
MEDIQA 2019 - Recognizing Question Entailment (RQE)	Recognizing question entailment	Inference and reasoning	Improving clinical/biomedical NLP	Upon registration	Indirectly		https://www.aicrowd.com/challenges/mediqa-2019-natural-language-inference-nli	English
MEDIQA Answer Summarization dataset	Question-driven summarisation	Text Summarization	Prepare reports summarizing patient diagnostic or care activities	Public	Indirectly		http://arxiv.org/abs/2005.09067v2	English
MediQA Question Answering shared-task	Question entailment detecton	Inference and reasoning	Improving clinical/biomedical NLP	Public	Indirectly		http://arxiv.org/abs/1907.01643v1	English
MEDIQA-NLI (= MedNLI)	Natural language inference	Inference and reasoning	Improving clinical/biomedical NLP	On request	Indirectly		MEDIQA-NLI (= MedNLI)	English
MEDLINE dataset				Public			http://arxiv.org/abs/1605.04227v3; https://pubmed.ncbi.nlm.nih.gov/24928177	English
Medline dataset	Identifying novel associations in clinical data			Unknown			https://pubmed.ncbi.nlm.nih.gov/24928177	English
MedLit	Word embeddings of clinical notes and biomedical publications			Unknown			https://pubmed.ncbi.nlm.nih.gov/30217670	English
MedMentions	Biomedical entity linking	Entity Linking	Improving clinical/biomedical NLP	Public	Indirectly		http://arxiv.org/abs/1911.09787v2	English
MEDNLI	Natural language inference	Inference and reasoning	Improving clinical/biomedical NLP	On request	Indirectly		http://arxiv.org/abs/1906.05474v2	English
MedQA	Open Domain Question Answering	Question answering	Improving clinical/biomedical NLP	Unknown	Indirectly		http://arxiv.org/abs/2009.13081v1	English; Chinese
Random sample of criteria from ClinicalTrials.gov	Data-driven cohort definition based on clinical databases	Information Retrieval	Conduct research to increase knowledge about medical issues	Unknown	Indirectly		https://pubmed.ncbi.nlm.nih.gov/30753493	English
MedSTS	Semantic textual similarity estimation	Semantic Similarity Estimation	Improving clinical/biomedical NLP	Unknown	Indirectly		http://arxiv.org/abs/1906.05474v2	English
Merck Manual dataset	Sentence classification	Text Classification	Improving clinical/biomedical NLP	Unknown	Indirectly		https://arxiv.org/ftp/arxiv/papers/1704/1704.06841.pdff	English
MeSH1	Determining semantic similarity of biomedical concepts	Semantic Similarity Estimation		Unknown	Not relevant		https://pubmed.ncbi.nlm.nih.gov/26707454	English
MeSH2	Determining semantic similarity of biomedical concepts	Semantic Similarity Estimation		Unknown	Not relevant		https://pubmed.ncbi.nlm.nih.gov/	English
Messidor	Retinal image lesion detection	Image classification		Upon registration			http://arxiv.org/abs/2010.10563v1	English
MIMIC II				Upon registration			https://pubmed.ncbi.nlm.nih.gov/29854252	English
MIMIC II	Clinical Named Entity Recognition			On request			http://arxiv.org/abs/1808.02374v1; https://pubmed.ncbi.nlm.nih.gov/29854252	English
MIMIC III				On request			http://arxiv.org/abs/1808.02374v1	English
MIMIC-CXR				On request			http://arxiv.org/abs/1901.07042v5	English
MIMIC-CXR-JPG based on MIMIC-CXR	Automated analysis of chest radiographs	Image classification		On request			http://arxiv.org/abs/1901.07042v5	English
MIMIC-CXR: chest radiographs with free-text reports	-			On request			https://pubmed.ncbi.nlm.nih.gov/31831740	English
MIMIC-II				On request			http://arxiv.org/abs/1710.05980v2	English
MIMIC-III				On request			http://arxiv.org/abs/1710.05980v2; https://pubmed.ncbi.nlm.nih.gov/29679685	English
MIMIC-III	Identifying and characterizing highly similar notes in big clinical note datasets			On request			http://arxiv.org/abs/1710.05980v2; https://pubmed.ncbi.nlm.nih.gov/29679685	English
MIMIC-III in FHIR format				On request			http://arxiv.org/abs/2006.16926v1	English
Reference dataset based on references cited in BMJ POEMs and CATs (critically appraised topics) questions from the University of Michigan Department of Pediatrics.	Finding relevant citations in MEDLINE/PubMed	Information Retrieval	Review professional literature to maintain professional knowledge	Unknown	Indirectly		https://pubmed.ncbi.nlm.nih.gov/15760470/; https://pubmed.ncbi.nlm.nih.gov/15760470	English
Modified Medical Residents Relatedeness Set (UMNSRS-Relatedness-mod)	Semantic relatedness estimation	Semantic relatedness estimation	Improving clinical/biomedical NLP	Public	Indirectly		http://rxinformatics.umn.edu/SemanticRelatednessResources.html	English
Modified Medical Residents Similarity Set (UMNSRS-Similarity-mod)	Semantic similarity estimation	Semantic Similarity Estimation	Improving clinical/biomedical NLP	Public	Indirectly		http://rxinformatics.umn.edu/SemanticRelatednessResources.html	English
MorphoCol	Characterisation of clinically significant bacterial colony morphologies			Unknown			https://pubmed.ncbi.nlm.nih.gov/25817920	English
ShAReCLEF eHealth 2013 Task 1b: Named entity recognition and normalization of disorders, Mapping to a SNOMED code	Named entity recognition	Information Extraction	Improving clinical/biomedical NLP	On request	Indirectly		https://www.physionet.org/content/shareclefehealth2013/1.0/	English
MSH-WSD	Biomedical Word Sense Disambiguation	Word Sense Disambiguation	Improving clinical/biomedical NLP	Upon registration	Indirectly		http://arxiv.org/abs/1608.05605v1	English
n2c2 (= i2b2) / OHNLP Track on Clinical Semantic Textual Similarity	Semantic Textual Similarity	Semantic Similarity Estimation	Improving clinical/biomedical NLP	Upon registration	Indirectly		https://n2c2.dbmi.hms.harvard.edu/	English
South London and Maudsley Foundation Trust (SLaM)	Medical concept annotation	Information Extraction	Improving clinical/biomedical NLP	Not available	Indirectly		https://arxiv.org/ftp/arxiv/papers/2010/2010.01165.pdf	English
n2c2 (= i2b2) / UMass Track on Clinical Concept Normalization	Clinical Concept Normalization	Lexical Normalization	Improving clinical/biomedical NLP	Upon registration	Indirectly		https://n2c2.dbmi.hms.harvard.edu/	English
Species800	Named entity recognition	Information Extraction		Unknown			http://arxiv.org/abs/2011.06315v1	English
Subset of 500 patients from a large clinical ASD EHR corpus (230,465 documents)	Detecting Suicidality in Adolescents with Autism Spectrum Disorders	Information Extraction	Monitor patient conditions during treatments, procedures, or activities; Evaluate patient functioning, capabilities, or health; Diagnose neural or psychological disorders	Unknown	Indirectly		https://pubmed.ncbi.nlm.nih.gov/29854129	English
Subset of dataset based on 8431 sentences from 1197 PubMed Central articles	Recognizing self-acknowledged limitations in clinical research publications	Information Extraction	Review professional literature to maintain professional knowledge	Unknown	Indirectly		https://pubmed.ncbi.nlm.nih.gov/29718377	English
Nuance dataset based on 4,292 additional medical reports from three healthcare facilities representing a variety of medical specialties and report types, and annotated them using the five smoking category labels.	Classifying smoking status based on clinical reports	Text Classification	Gather medical information from patient histories	Unknown	Indirectly		https://pubmed.ncbi.nlm.nih.gov/17947619	English
NUBES-PHI	Medical Document Anonymization	De-identification		Unknown			http://arxiv.org/abs/2003.03106v2	Spanish
Nursing notes corpus	De-identification	De-identification		On request			http://arxiv.org/abs/1810.01570v1	English
OHSUMED	Medical Documents Classification	Text Classification	Improving clinical/biomedical NLP	Public	Indirectly		http://arxiv.org/abs/1206.4883v1	English
OMIM database				Unknown			https://pubmed.ncbi.nlm.nih.gov/21362185	English
Onco-i2b2	Integrating clinical and molecular data in oncology research			Unknown			https://pubmed.ncbi.nlm.nih.gov/22536972	English
ROCO	Image captioning, classification models for image categorization and tagging or content-based image retrieval systems	Image Captioning; Image Classification; Image Retrieval	Process x-rays or other medical images	Public	Indirectly		http://arxiv.org/abs/2010.10563v1	English
University College London Hospitals Foundation Trust (UCLH) Covid-19 Datasets	Medical concept annotation	Information Extraction	Improving clinical/biomedical NLP	Not available	Indirectly		http://arxiv.org/abs/2010.01165v1	English
Optometry dataset	De-identification	De-identification		Unknown			http://arxiv.org/abs/1701.03129v1	English
UPennHLP Twitter Drug Corpus: Dataset based on 15 005 tweets	Detecting medication mentions in tweets	Information Extraction		Public	Not relevant		https://academic.oup.com/jamia/article/26/12/1618/5575394	English
Outpatient notes from the University of Texas Health Science Center at Houston (UTHealth) with manually annotated PHIs (Outpatient notes)	De-identification of psychiatric notes	De-identification		Unknown			https://pubmed.ncbi.nlm.nih.gov/29854175	English
PadChest	Image-based Medical Report Generation	Text Generation		On request			http://arxiv.org/abs/2010.10563v1	English
SciQ Dataset	Multiple choice question-answering	Question answering	Improving clinical/biomedical NLP	Public	Indirectly		https://allenai.org/data/sciq	English
UPennHLP Twitter Pregnancy Corpus	Detecting medication mentions in tweets	Information Extraction		Public	Not relevant		https://academic.oup.com/jamia/article/26/12/1618/5575394	English
PEIR Gross dataset	Automatic Generation of Medical Imaging Reports	Text Generation		Public			https://www.aclweb.org/anthology/P18-1240.pdf	English
Personal Health Terminology				Unknown			https://pubmed.ncbi.nlm.nih.gov/15360861	English
BioNLP-ST 2019 AGAC task	Named entity recognition, Relationship recognition	Information Extraction		Public	Not relevant		https://2019.bionlp-ost.org/	English
BCA dataset	Text Mining Genotype-Phenotype Relationships from Biomedical Literature	Information Extraction		Public	Not relevant		https://pubmed.ncbi.nlm.nih.gov/27902695	English
PHOTOACOUSTIC SOURCE DETECTION AND REFLECTION ARTIFACT DEEP LEARNING DATASET	Photoacoustic imaging noise detection	Image noise detection		On request			http://arxiv.org/abs/2008.04221v3	English
BioCreative V CID CDR benchmark dataset	Biomedical relation extraction	Information Extraction		Public	Not relevant		https://pubmed.ncbi.nlm.nih.gov/32410573	English
PLAGH dataset	Histopathological diagnosis of gastric cancer	Image classification		On request			http://arxiv.org/abs/2010.08300v1	English
BioNLP ST 2016 dataset	Relation extraction	Information Extraction	Improving clinical/biomedical NLP	Public	Indirectly		http://arxiv.org/abs/1810.05102v2	English
Psychiatric notes from 2016 CEGS N-GRID shared task Track 1	De-identification of psychiatric notes	De-identification		On request			https://pubmed.ncbi.nlm.nih.gov/29854175	English
Psychiatric Treatment Adverse Reactions (PsyTAR) corpus	Medical Concept Normalization	Lexical Normalization	Improving clinical/biomedical NLP	Public	Indirectly		http://dx.doi.org/10.18653/v1/P19-2055	English
PubMed dataset				Unknown			http://dx.doi.org/10.1109/ICHI.2019.8904728	English
ShAReCLEF eHealth 2013 Task 3: Document retrieval	Document retrieval	Information Retrieval	Review professional literature to maintain professional knowledge	On request	Directly	Clinicians	https://www.physionet.org/content/shareclefehealth2013/1.0/	English
RadCore				Unknown			http://arxiv.org/abs/2004.06555v1	English
Radiomics: Abdomen	Medical image reconstruction	Image reconstruction		Public			http://arxiv.org/abs/2008.04221v3	English
Radiomics: Brain	Medical image reconstruction	Image reconstruction		Public			http://arxiv.org/abs/2008.04221v3	English
Radiomics: LiverCancer	Medical image reconstruction	Image reconstruction		Public			http://arxiv.org/abs/2008.04221v3	English
Radiomics: MSOT-Abdomen	Medical image reconstruction	Image reconstruction		Public			http://arxiv.org/abs/2008.04221v3	English
Radiomics: MSOT-Brain	Medical image reconstruction	Image reconstruction		Public			http://arxiv.org/abs/2008.04221v3	English
Radiomics: Vessel	Medical image reconstruction	Image reconstruction		Public			http://arxiv.org/abs/2008.04221v3	English
TREC-COVID	Information rertrieval	Information Retrieval	Review professional literature to maintain professional knowledge	Public	Directly	Clinicians	http://arxiv.org/abs/2008.12353v1	English
Dataset based on MEDLINE citations for a sample of the Clinical Inquiries developed by the Family Practice Information Network (FPIN) and published in the Journal of Family Practice	Information retrieval			Unknown			https://pubmed.ncbi.nlm.nih.gov/16779404	English
Repository of drug-disorder co-occurrences based on a large collection of clinical notes	Use of medical facts to support the enhancement of natural language processing of biomedical text	Inference and reasoning	Improving clinical/biomedical NLP	Unknown	Indirectly		https://pubmed.ncbi.nlm.nih.gov/16779117	English
BioNLP-ST 2011 REL	Relationship extraction	Information Extraction		Public	Not relevant		http://www.bionlp-st.org/	English
Chemprot	Text mining chemical-protein interactions	Information Extraction		Public	Not relevant		http://arxiv.org/abs/1906.05474v2	English
SciCite: Citation intenent classification dataset	Citation intent classification	Text Classification		Public	Not relevant		https://allenai.org/data/	English
SciFact	Natural language inference	Inference and reasoning	Improving clinical/biomedical NLP	Public	Indirectly		https://allenai.org/data?tag=Aristo	English
Dataset covering patients from Eskenazi Health organization in Indiana	Clinical Search Recommendation	Information Retrieval	Review professional literature to maintain professional knowledge	Not available	Directly		https://arxiv.org/pdf/2008.01193v1.pdf	English
SciTail	Natural language inference	Inference and reasoning	Improving clinical/biomedical NLP	Public	Indirectly		https://allenai.org/data?tag=Aristo	English
SemEval-2013 Task 9 : Extraction of Drug-Drug Interactions from Biomedical Texts (DDIExtraction 2013)	Word embeddings of clinical notes and biomedical publications	Text embedding	Improving clinical/biomedical NLP	Public	Indirectly		https://pubmed.ncbi.nlm.nih.gov/30217670	English
SemMedDB (repository of semantic predications [subject-relation-object triples])	Identification of apparent contradictions in the biomedical research literature			Public			https://pubmed.ncbi.nlm.nih.gov/31473364	English
SemRep database				Public			https://pubmed.ncbi.nlm.nih.gov/23304331	English
Clinical notes corpus of 824,380 clinical notes from University of Minnesota-affiliated Fairview Health Services	Extracting semantic relations from clinical text	Information Extraction	Improving clinical/biomedical NLP	Unknown	Indirectly		https://pubmed.ncbi.nlm.nih.gov/23304331	English
Clinical query and MEDLINE pairs in the OHSUMED dataset	Mining cross-terminology links	Information Extraction		Unknown	Not relevant		https://pubmed.ncbi.nlm.nih.gov/17238416	English
ShAReCLEF eHealth 2013 Task 2: Normalization of clinical acronyms and abbreviations	Normalization	Lexical Normalization	Improving clinical/biomedical NLP	On request	Indirectly		https://www.physionet.org/content/shareclefehealth2013/1.0/	English
MedicalQA#1:NMLEC	Medical Question Answering	Question answering	Improving clinical/biomedical NLP	Unknown	Indirectly		https://arxiv.org/pdf/1811.06156v1.pdfff	English
SIDER: Drug Side Effect Data				Public			http://arxiv.org/abs/1705.05183v2	English
Dataset based on 494 DDIs extracted from DrugBank	Identifying drug-drug interactions	Information Extraction		Unknown	Not relevant		https://pubmed.ncbi.nlm.nih.gov/20823320	English
Social Media Mining for Health (SMM4H) 2020 task 1: Automatic Classification of Tweets that Mention Medications	Classification of Tweets that Mention Medications	Text Classification		Public	Not relevant		https://healthlanguageprocessing.org/smm4h-sharedtask-2020/	English
Social Media Mining for Health (SMM4H) 2020 task 2: Automatic Classification of Multilingual Tweets that Report Adverse Effects	Adverse effect classification in Tweets	Text Classification		Public	Not relevant		https://healthlanguageprocessing.org/smm4h-sharedtask-2020/	English
Social Media Mining for Health (SMM4H) 2020 task 3: Automatic Extraction and Normalization of Adverse Effects in English Tweets	Extraction and Normalization of Adverse Effects in Tweets	Information Extraction; Lexical Normalization	Improving clinical/biomedical NLP	Public	Indirectly		https://healthlanguageprocessing.org/smm4h-sharedtask-2020/	English
Social Media Mining for Health (SMM4H) 2020 task 4: Automatic Characterization of Prescription Medication Abuse Chatter in Tweets	Characterization of Prescription Medication Abuse in Tweets	Text Classification		Public	Not relevant		https://healthlanguageprocessing.org/smm4h-sharedtask-2020/	English
Social Media Mining for Health (SMM4H) 2020 task 5: Automatic Classification of Tweets Reporting a Birth Defect Pregnancy Outcome	Classification of Tweets Reporting a Birth Defect Pregnancy Outcome	Text Classification		Public	Not relevant		https://healthlanguageprocessing.org/smm4h-sharedtask-2020/	English
Dataset based on 958 manually annotated treatment relations in sentences selected from 6,864 discharge summaries	Identifying treatment relations in clinical text	Information Extraction	Improving clinical/biomedical NLP	Not available	Indirectly		https://pubmed.ncbi.nlm.nih.gov/25954330	English
SPCHD: Internet-based interventions for the secondaryprevention of coronary heart disease	Active learning in systematic reviews	Information Retrieval		Unknown	Not relevant		https://arxiv.org/pdf/1801.09496v1.pdff	English
2012 i2b2 challenge TLINK track dataset	Temporal relation extraction in patient discharge summaries	Information Extraction	Gather medical information from patient histories	On request	Indirectly		https://pubmed.ncbi.nlm.nih.gov/24060600	English
StackOverflow dataset	Relation Schema Induction	Relation Schema Induction		Unknown	Not relevant		http://arxiv.org/abs/1605.04227v3	English
STARE	Not described	Not described		Public			http://arxiv.org/abs/2010.10563v1	English
STCS: Preoperative statin therapy for patients undergoing cardiac surgery	Active learning in systematic reviews	Information Retrieval		Unknown	Not relevant		https://arxiv.org/pdf/1801.09496v1.pdf	English
STRIDE dataset	Clinical Concept Embedding	Text embedding	Improving clinical/biomedical NLP	Public	Indirectly		http://arxiv.org/abs/1804.01486v3	English
i2b2/VA 2010 Challenge on Concepts, Assertions, and Relations in Clinical Text	Detecting concept relations in clinical text	Information Extraction	Improving clinical/biomedical NLP	Upon registration	Indirectly		https://pubmed.ncbi.nlm.nih.gov/22085698	English
MADE1.0 Task 1	Extracting Long Distance Relations from Clinical Notes	Information Extraction	Gather medical information from patient histories	On request	Indirectly		https://pubmed.ncbi.nlm.nih.gov/32308902	English
Subset of MIMIC-CXR	Classification of radiology reports	Text Classification	Improving clinical/biomedical NLP	Unknown	Indirectly	Radiologists	https://arxiv.org/pdf/2010.14587v1.pdf	English
MADE1.0 Task 2	Extracting Long Distance Relations from Clinical Notes	Information Extraction	Gather medical information from patient histories	On request	Indirectly		https://pubmed.ncbi.nlm.nih.gov/32308902	English
MADE1.0 Task 3	Extracting Long Distance Relations from Clinical Notes	Information Extraction	Gather medical information from patient histories	On request	Indirectly		https://pubmed.ncbi.nlm.nih.gov/32308902	English
Manually annotated dataset	Biomedical relation extraction	Information Extraction		Unknown	Not relevant		https://pubmed.ncbi.nlm.nih.gov/32410573	English
TCMGeneDIT	Extracting the relations between TCM effectors and effects			Unknown			https://pubmed.ncbi.nlm.nih.gov/18854039	English
The Indian Diabetic Retinopathy Image Dataset (ID)	Diabetic retinopathy segmentation and grading	Image segmentation; Image classification		Public			http://dx.doi.org/10.1109/TMI.2020.2978284	English
n2c2 Task 2: Adverse Drug Events and Medication Extraction in EHRs	Extracting Long Distance Relations from Clinical Notes	Information Extraction	Gather medical information from patient histories	Upon registration	Indirectly		https://pubmed.ncbi.nlm.nih.gov/32308902	English
MedicalQA#2:CD-EMR	Medical Question Answering	Question answering	Gather medical information from patient histories	Unknown	Indirectly	Clinicians	https://arxiv.org/pdf/1811.06156v1.pdff	English
PCA dataset	Text Mining Genotype-Phenotype Relationships from Biomedical Literature	Information Extraction		Public	Not relevant		https://pubmed.ncbi.nlm.nih.gov/27902695	English
Two clinical data sets	Mining biomedical time sequences			Unknown			https://pubmed.ncbi.nlm.nih.gov/19964402	English
Revised JNLPBA	Relation extraction	Information Extraction		Unknown	Not relevant		https://arxiv.org/ftp/arxiv/papers/1901/1901.10219.pdf	English
T2DM Clinical Dataset	Relationship extraction	Information Extraction	Improving clinical/biomedical NLP	Unknown	Indirectly		https://link.springer.com/article/10.1007%2Fs11655-011-0699-x	Chinese
THYME corpus	Extracting temporal relations from clinical narratives	Information Extraction	Gather medical information from patient histories	On request	Indirectly		http://arxiv.org/abs/1808.02374v1	English
Value set for encoding adverse reactions using a large dataset from one health system, enriched by reactions from 2 large external resources	Encoding adverse reactions			Unknown			https://pubmed.ncbi.nlm.nih.gov/29253169	English
VigiBase data	Adverse event (AE) identification in social media (SM)			Unknown			https://pubmed.ncbi.nlm.nih.gov/31392844	English
MEDIQA 2019 - Question Answering (QA)	Question answering	Question answering	Review professional literature to maintain professional knowledge; Maintain medical or professional knowledge	Public	Indirectly		http://arxiv.org/abs/1907.01643v1	English
MedQuAD	Medical question answering	Question answering	Review professional literature to maintain professional knowledge; Maintain medical or professional knowledge	Public	Indirectly		http://dx.doi.org/10.1186/s12859-019-3119-4	English
ImageCLEFmedical 2008 Medical Automatic Image Annotation Task	Medical image annotation	Image Annotation	Process x-rays or other medical images; Analyze test data or images to inform diagnosis or treatment	Upon registration	Directly	Radiologists	https://www.imageclef.org/	English
ImageCLEFmedical 2014 Liver CT annotation	Medical image annotation	Image Annotation	Process x-rays or other medical images; Analyze test data or images to inform diagnosis or treatment	Upon registration	Directly	Radiologists	https://www.imageclef.org/	English
ImageCLEFmedical 2018 Visual Question Answering (VQA)	Visual Question Answering (VQA)	Visual question answering	Process x-rays or other medical images; Analyze test data or images to inform diagnosis or treatment	Upon registration	Directly	Radiologists	https://www.imageclef.org/	English
ImageCLEFmedical 2019 Visual Question Answering (VQA)	Visual Question Answering (VQA)	Visual question answering	Process x-rays or other medical images; Analyze test data or images to inform diagnosis or treatment	Upon registration	Directly	Radiologists	https://www.imageclef.org//	English
ImageCLEFmedical 2020 Visual Question Answering (VQA)	Visual Question Answering (VQA)	Visual question answering	Process x-rays or other medical images; Analyze test data or images to inform diagnosis or treatment	Upon registration	Directly	Radiologists	https://www.imageclef.org/	English
ImageCLEFmedical 2021 Visual Question Answering (VQA)	Visual Question Answering (VQA)	Visual question answering	Process x-rays or other medical images; Analyze test data or images to inform diagnosis or treatment	Upon registration	Directly	Radiologists	https://www.imageclef.org/	English
IU X-Ray	Generating Radiology Reports	Text Generation	Write reports or evaluations	Public	Directly	Radiologists	http://arxiv.org/abs/2010.10563v1	English
PEIR Gross dataset	Automatic Generation of Medical Imaging Reports	Text Generation	Write reports or evaluations	Public	Directly	Pathologists	https://www.aclweb.org/anthology/P18-1240.pdf	English
PadChest	Image-based Medical Report Generation	Text Generation	Write reports or evaluations	On request	Directly	Radiologists	http://arxiv.org/abs/2010.10563v1	English